City_ID,City,Lat,Lng,Max Temp,Humidity,Cloudiness,Wind Speed,Country,Date
0,kharkhorin,47.1975,102.8238,3.85,69,62,1.7,MN,1712525159
1,hawaiian paradise park,19.5933,-154.9731,23.82,91,75,5.14,US,1712525007
2,port-aux-francais,-49.35,70.2167,4.67,70,100,3.05,TF,1712524903
3,mae hong son,19.3003,97.9685,24.16,63,2,0.27,TH,1712525163
4,waitangi,-43.9535,-176.5597,13.23,82,100,2.68,NZ,1712524994
5,alofi,-19.0595,-169.9187,26.94,89,75,8.75,NU,1712525163
6,grytviken,-54.2811,-36.5092,3.43,89,15,8.72,GS,1712524932
7,nemuro,43.3236,145.575,3.57,100,100,4.02,JP,1712525164
8,vorkuta,67.5,64.0,-7.16,87,100,6.71,RU,1712524933
9,nicoya,10.1483,-85.452,33.9,45,100,4.8,CR,1712525164
10,hamilton,39.1834,-84.5333,19.01,39,75,5.14,US,1712524468
11,igarka,67.4667,86.5833,-5.55,83,100,7.15,RU,1712524933
12,guerrero negro,27.9769,-114.0611,18.95,45,2,7.71,MX,1712525007
13,qaqortoq,60.7167,-46.0333,-2.32,91,100,0.74,GL,1712525001
14,isafjordur,66.0755,-23.124,-4.51,90,97,13.43,IS,1712525164
15,presidente olegario,-18.4178,-46.4181,21.66,75,23,1.99,BR,1712525164
16,cabo san lucas,22.8909,-109.9124,27.01,57,0,4.12,MX,1712524593
17,adamstown,-25.066,-130.1015,24.26,75,79,3.35,PN,1712525050
18,terrace,54.5163,-128.6035,4.95,87,100,9.26,CA,1712525035
19,vyazemskiy,47.5378,134.7525,1.44,61,40,7.67,RU,1712525165
20,coahuayana de hidalgo,18.7,-103.6583,31.49,36,46,3.12,MX,1712525036
21,talnakh,69.4865,88.3972,-7.66,88,100,8.39,RU,1712525008
22,utrik,11.2278,169.8474,26.88,81,100,9.2,MH,1712524909
23,olonkinbyen,70.9221,-8.7187,-4.06,68,100,7.84,SJ,1712525002
24,iqaluit,63.7506,-68.5145,-11.15,72,40,10.29,CA,1712525003
25,vilyuchinsk,52.9306,158.4028,2.15,86,100,0.58,RU,1712524904
26,klyuchi,52.2667,79.1667,3.16,82,100,2.41,RU,1712524911
27,valga,57.7778,26.0473,13.33,80,100,0.89,EE,1712525080
28,nuuk,64.1835,-51.7216,-1.66,80,33,3.6,GL,1712525166
29,hithadhoo,-0.6,73.0833,28.54,73,100,0.64,MV,1712524905
30,margaret river,-33.95,115.0667,13.25,76,1,6.82,AU,1712525052
31,ribeira grande,38.5167,-28.7,16.22,82,40,2.57,PT,1712525166
32,fale old settlement,-9.3852,-171.2468,29.51,71,40,2.17,TK,1712525166
33,pacific grove,36.6177,-121.9166,15.94,68,40,6.69,US,1712524976
34,namibe,-15.1961,12.1522,22.48,80,49,1.62,AO,1712524911
35,hermanus,-34.4187,19.2345,17.67,89,100,11.59,ZA,1712524907
36,udachny,66.4167,112.4,-23.64,89,4,1.57,RU,1712524905
37,tsiombe,-25.3,45.4833,22.41,87,84,6.09,MG,1712525051
38,longyearbyen,78.2186,15.6401,-18.09,78,75,2.57,SJ,1712524920
39,happy valley-goose bay,53.3168,-60.3315,7.17,42,75,2.57,CA,1712525166
40,freetown,8.484,-13.2299,25.67,82,34,1.16,SL,1712525148
41,haiku-pauwela,20.9219,-156.3051,24.54,77,40,10.29,US,1712525167
42,kismayo,-0.3582,42.5454,29.24,76,100,5.59,SO,1712525164
43,nazca,-14.8333,-74.95,29.34,49,33,4.52,PE,1712525167
44,blackmans bay,-43.0167,147.3167,12.07,92,33,2.64,AU,1712525051
45,lebu,-37.6167,-73.65,15.35,79,100,4.14,CL,1712525054
46,weiskirchen,49.5424,6.8179,18.24,83,100,1.99,DE,1712525167
47,invercargill,-46.4,168.35,10.57,91,97,1.79,NZ,1712525167
48,magadan,59.5667,150.8,-6.37,92,100,9.7,RU,1712524906
49,new norfolk,-42.7826,147.0587,12.73,96,39,1.1,AU,1712525058
50,mount isa,-20.7333,139.5,17.87,55,80,3.6,AU,1712524906
51,gisborne,-38.6533,178.0042,13.77,73,11,2.32,NZ,1712525168
52,puerto natales,-51.7236,-72.4875,5.25,87,100,7.72,CL,1712525168
53,petropavlovsk-kamchatsky,53.0452,158.6483,1.33,74,75,2.68,RU,1712524997
54,vadso,70.0744,29.7487,-2.91,63,75,8.23,NO,1712525168
55,dudinka,69.4058,86.1778,-7.4,92,100,10.73,RU,1712525003
56,itapira,-22.4361,-46.8217,24.47,66,83,1.52,BR,1712525168
57,el calafate,-50.3408,-72.2768,8.44,60,0,7.9,AR,1712525061
58,tiksi,71.6872,128.8694,-12.67,90,100,9.13,RU,1712524907
59,jardim do serido,-6.5844,-36.7744,31.15,46,86,4.76,BR,1712525169
60,nagqu,31.5,92.0,-0.3,32,100,2.94,CN,1712524925
61,aldinga beach,-35.2793,138.4604,14.26,77,0,1.78,AU,1712525169
62,yellowknife,62.456,-114.3525,4.29,70,20,6.17,CA,1712525169
63,walterboro,32.9052,-80.6668,22.25,28,0,0.0,US,1712525169
64,nova vicosa,-17.8919,-39.3719,26.06,72,7,4.46,BR,1712525126
65,arraial do cabo,-22.9661,-42.0278,24.98,83,20,2.57,BR,1712525057
66,margate,51.3813,1.3862,12.17,77,100,2.24,GB,1712525169
67,palmer,42.1584,-72.3287,11.78,46,40,5.66,US,1712525169
68,barra velha,-26.6322,-48.6847,23.94,82,100,4.58,BR,1712525169
69,ta`u,-14.2336,-169.5144,29.43,76,98,4.62,AS,1712525169
70,jhargram,22.45,86.9833,27.16,41,83,4.39,IN,1712525170
71,masjed soleyman,31.9364,49.3039,24.64,30,100,3.24,IR,1712525170
72,jamestown,42.097,-79.2353,15.29,37,0,3.09,US,1712524931
73,alice springs,-23.7,133.8833,9.75,81,100,2.57,AU,1712524906
74,rakops,-21.0167,24.3333,20.77,78,75,5.83,BW,1712525170
75,cabedelo,-6.9811,-34.8339,28.37,75,9,5.14,BR,1712525057
76,sitka,57.0531,-135.33,4.94,81,100,4.12,US,1712525170
77,enewetak,11.3474,162.3373,27.27,79,100,8.67,MH,1712524910
78,kerikeri,-35.2268,173.9474,18.01,59,58,2.82,NZ,1712524964
79,carnarvon,-24.8667,113.6333,23.45,75,2,8.39,AU,1712525171
80,vernon,50.2581,-119.2691,14.23,34,100,2.57,CA,1712525098
81,port elizabeth,-33.918,25.5701,18.51,94,40,7.2,ZA,1712525171
82,badger,64.8,-147.5333,1.95,62,40,2.06,US,1712525001
83,daru,-9.0763,143.2092,27.07,82,100,0.45,PG,1712524914
84,edinburgh of the seven seas,-37.0676,-12.3116,18.6,94,97,7.99,SH,1712525051
85,college,64.8569,-147.8028,1.99,63,75,2.06,US,1712525005
86,avarua,-21.2078,-159.775,30.03,74,20,4.12,CK,1712525051
87,as suwayq,23.8494,57.4386,26.26,56,6,2.25,OM,1712525172
88,stephenville,32.2207,-98.2023,26.04,18,0,4.63,US,1712525172
89,caleta de carquin,-11.0925,-77.6267,23.75,79,99,4.09,PE,1712525059
90,tchibanga,-2.85,11.0333,22.96,98,98,0.95,GA,1712525120
91,ruy barbosa,-12.2839,-40.4939,22.98,94,21,2.33,BR,1712525156
92,whitehorse,60.7161,-135.0538,2.28,80,100,6.71,CA,1712525013
93,marang,5.2056,103.2059,27.95,86,97,0.12,MY,1712525172
94,fort st. john,56.2499,-120.8529,8.94,23,40,8.75,CA,1712525071
95,vorgashor,67.5833,63.95,-7.33,87,100,5.57,RU,1712524910
96,tralee,52.2704,-9.7026,6.19,86,53,2.77,IE,1712525172
97,bethel,41.3712,-73.414,13.47,44,20,5.66,US,1712525002
98,hailey,43.5196,-114.3153,6.84,48,100,2.68,US,1712524998
99,ilulissat,69.2167,-51.1,-4.99,86,100,2.06,GL,1712525173
100,bilibino,68.0546,166.4372,-17.07,99,100,0.19,RU,1712524903
101,puerto ayora,-0.7393,-90.3518,29.98,95,57,1.79,EC,1712525173
102,novoul'yanovsk,54.1496,48.3891,9.03,71,100,4.92,RU,1712525173
103,wainwright,52.839,-110.8572,6.68,71,100,2.01,CA,1712525173
104,port mathurin,-19.6833,63.4167,26.91,78,28,5.44,MU,1712524904
105,walvis bay,-22.9575,14.5053,15.05,79,0,4.75,NA,1712525173
106,moree,-29.4667,149.85,17.59,72,57,2.7,AU,1712525161
107,susuman,62.7833,148.1667,-22.79,100,92,0.89,RU,1712524904
108,wailua homesteads,22.0669,-159.378,23.81,74,100,8.75,US,1712525000
109,waddan,29.1614,16.139,20.3,23,0,4.47,LY,1712525059
110,melfort,52.8667,-104.6177,14.07,33,50,3.09,CA,1712525174
111,atafu village,-8.5421,-172.5159,29.71,73,97,3.05,TK,1712524991
112,salair,54.2312,85.7972,-3.97,85,27,3.2,RU,1712525174
113,ed damer,17.5928,33.9592,27.05,10,100,5.98,SD,1712525174
114,west island,-12.1568,96.8225,27.99,83,75,5.14,CC,1712525050
115,isfara,40.1265,70.6253,13.35,58,33,1.27,TJ,1712525174
116,berdigestyakh,62.0989,126.6992,-24.86,100,99,1.51,RU,1712524914
117,krasnokamensk,50.0979,118.0369,-9.12,52,0,0.55,RU,1712525027
118,fedorovka,53.6314,62.7078,4.44,96,100,2.78,KZ,1712525008
119,oamaru,-45.0784,170.9801,12.43,87,93,3.37,NZ,1712525175
120,taltal,-25.4,-70.4833,19.12,75,33,1.89,CL,1712525065
121,broken hill,-31.95,141.4333,12.26,68,95,2.99,AU,1712525159
122,banda aceh,5.5577,95.3222,26.77,82,77,2.49,ID,1712524925
123,georgetown,5.4112,100.3354,28.96,77,20,2.06,MY,1712525175
124,sihanoukville,10.6093,103.5296,26.97,89,40,1.03,KH,1712525175
125,albany,42.6001,-73.9662,13.74,32,25,4.93,US,1712524507
126,kasson,44.03,-92.7507,6.57,89,100,8.75,US,1712525175
127,tura,25.5198,90.2201,24.25,63,98,2.07,IN,1712525175
128,revda,56.801,59.9303,2.16,96,100,2.08,RU,1712524913
129,ushuaia,-54.8,-68.3,3.81,87,100,2.06,AR,1712525098
130,port sudan,19.6175,37.2164,26.27,60,7,5.38,SD,1712525176
131,nuku'alofa,-21.1333,-175.2,25.68,77,100,10.14,TO,1712525176
132,nahan,30.55,77.3,20.9,15,0,3.61,IN,1712525176
133,egilsstadir,65.2653,-14.3948,-0.05,100,100,11.83,IS,1712525008
134,puerto baquerizo moreno,-0.9,-89.6,28.55,74,40,3.09,EC,1712525176
135,port saint john's,-31.6229,29.5448,20.58,86,100,7.63,ZA,1712524916
136,amparafaravola,-17.5833,48.2167,19.47,96,53,0.86,MG,1712525176
137,hemsby,52.6971,1.6918,13.13,73,93,7.7,GB,1712525176
138,bredasdorp,-34.5322,20.0403,18.04,88,100,12.08,ZA,1712525052
139,kodiak,57.79,-152.4072,0.73,93,100,1.54,US,1712525176
140,anadyr,64.75,177.4833,-13.72,71,0,4.0,RU,1712524905
141,san antonio de pale,-1.4014,5.6325,28.61,78,100,4.85,GQ,1712525053
142,ust-nera,64.5667,143.2,-16.33,99,88,1.18,RU,1712524907
143,ramanuj ganj,23.8,83.7,24.43,38,96,2.83,IN,1712525177
144,sittwe,20.15,92.9,27.48,89,20,5.82,MM,1712525177
145,mezhdurechensk,53.6942,88.0603,1.33,99,100,0.68,RU,1712525177
146,abakaliki,6.3163,8.1169,27.36,76,89,6.32,NG,1712525177
147,st. john's,47.5649,-52.7093,2.21,92,100,7.2,CA,1712525177
148,axim,4.8699,-2.2405,28.21,83,31,3.94,GH,1712525177
149,zayukovo,43.6161,43.3339,7.12,83,67,1.58,RU,1712525177
150,chaman,30.9236,66.4512,19.05,19,0,2.02,PK,1712525178
151,thompson,55.7435,-97.8558,14.09,23,40,5.14,CA,1712524978
152,papatowai,-46.5619,169.4708,10.11,89,97,1.57,NZ,1712525050
153,khulm,36.6974,67.6983,19.35,47,15,2.34,AF,1712525178
154,kolondieba,11.0882,-6.8926,31.34,46,85,1.39,ML,1712525178
155,port alfred,-33.5906,26.891,20.54,83,100,11.74,ZA,1712524914
156,chonchi,-42.6128,-73.8092,11.56,99,100,0.27,CL,1712525056
157,aasiaat,68.7098,-52.8699,-5.75,77,97,0.47,GL,1712525178
158,ad dabbah,18.05,30.95,24.96,12,14,5.2,SD,1712525024
159,ammon,43.4696,-111.9666,7.21,53,100,8.23,US,1712525178
160,sola,-13.8833,167.55,29.37,79,75,0.0,VU,1712525178
161,rameswaram,9.2833,79.3,30.09,71,67,4.76,IN,1712525179
162,stanley,54.868,-1.6985,9.88,73,20,6.17,GB,1712525146
163,rio das ostras,-22.5269,-41.945,25.95,88,1,1.95,BR,1712525050
164,selfoss,63.9331,-20.9971,0.02,51,74,10.73,IS,1712525005
165,tromso,69.6496,18.957,-0.99,69,75,5.66,NO,1712524913
166,lihue,21.9789,-159.3672,24.69,68,100,8.75,US,1712525179
167,machico,32.7,-16.7667,18.17,80,20,1.54,PT,1712525179
168,buala,-8.145,159.5921,27.45,84,76,2.29,SB,1712524917
169,san isidro,-12.1167,-77.05,24.77,69,0,5.14,PE,1712525179
170,kavieng,-2.5744,150.7967,27.37,81,100,2.6,PG,1712525179
171,kapan,39.2075,46.4058,8.21,95,100,0.77,AM,1712525180
172,kourou,5.1552,-52.6478,30.03,78,70,3.03,GF,1712525178
173,andovoranto,-18.95,49.1,24.78,87,61,0.48,MG,1712525180
174,ribadavia,42.288,-8.1436,13.2,87,100,2.07,ES,1712525180
175,holualoa,19.6228,-155.9522,25.31,71,20,4.63,US,1712525003
176,harper,4.375,-7.7169,28.33,81,38,3.7,LR,1712525034
177,floro,61.5996,5.0328,8.04,81,100,11.83,NO,1712525180
178,karwar,14.8,74.1333,26.6,75,7,1.82,IN,1712525180
179,zaozersk,69.4005,32.4476,-6.68,84,100,5.37,RU,1712525033
180,labytnangi,66.6572,66.4183,-11.46,94,39,3.04,RU,1712525168
181,kingston,17.997,-76.7936,30.53,72,20,10.29,JM,1712525138
182,meadow lake,34.8014,-106.5436,16.38,14,0,4.82,US,1712525180
183,katsuren-haebaru,26.3369,127.8719,22.21,96,75,4.63,JP,1712524908
184,crane,31.3974,-102.3501,25.09,7,0,7.56,US,1712525001
185,yeed,4.55,43.0333,29.39,64,78,4.27,SO,1712525011
186,bayramaly,37.6185,62.1671,14.86,25,50,2.85,TM,1712525181
187,kristiansund,63.1115,7.732,8.03,87,40,2.57,NO,1712524926
188,tarariras,-34.2833,-57.6167,20.51,72,0,2.82,UY,1712525181
189,severo-yeniseyskiy,60.3725,93.0408,-16.9,100,86,0.89,RU,1712524903
190,ancud,-41.8697,-73.8203,13.34,98,100,6.55,CL,1712525181
191,gadzhiyevo,69.2551,33.3362,-5.81,83,100,6.12,RU,1712525181
192,la foa,-21.7108,165.8276,24.93,72,100,1.87,NC,1712525181
193,yurty,56.0498,97.6348,-2.43,89,100,5.0,RU,1712525182
194,cannonvale,-20.2833,148.7,25.66,92,27,3.68,AU,1712525058
195,san patricio,28.017,-97.5169,29.97,62,100,2.09,US,1712525016
196,flin flon,54.7682,-101.865,12.91,35,75,3.6,CA,1712525011
197,ha tinh,18.3333,105.9,23.71,98,100,1.7,VN,1712525182
198,agat village,13.3886,144.6585,27.52,79,0,3.6,GU,1712525182
199,george town,5.4112,100.3354,28.96,77,20,2.06,MY,1712524900
200,saipan,15.1355,145.701,27.39,78,20,6.69,MP,1712525182
201,laascaanood,8.4774,47.3597,24.96,73,8,5.24,SO,1712525183
202,malvan,16.0667,73.4667,26.63,57,0,4.42,IN,1712525183
203,sirre,8.3167,39.4833,18.99,72,4,2.9,ET,1712525183
204,spring valley,36.108,-115.245,18.16,19,40,3.09,US,1712524827
205,east london,-33.0153,27.9116,20.56,85,100,9.07,ZA,1712525059
206,hammerfest,70.6634,23.6821,-3.75,86,75,8.23,NO,1712525019
207,swakopmund,-22.6833,14.5333,14.99,88,0,4.32,NA,1712525183
208,novoagansk,61.9449,76.6625,-5.5,82,100,8.32,RU,1712525183
209,macas,-2.3167,-78.1167,27.86,54,40,4.12,EC,1712524593
210,breves,-1.6822,-50.4803,25.46,94,100,1.7,BR,1712525183
211,chibougamau,49.9168,-74.3659,11.79,17,0,3.09,CA,1712525012
212,neftcala,39.3742,49.2472,12.34,75,100,3.18,AZ,1712525183
213,santa marta,11.2408,-74.199,36.03,49,20,9.26,CO,1712525184
214,kone,-21.0595,164.8658,25.36,74,100,2.31,NC,1712525184
215,lizzano,40.391,17.4476,20.38,54,5,6.78,IT,1712525184
216,la passe,45.5549,-0.8967,12.13,97,42,3.02,FR,1712524911
217,paradip garh,20.3167,86.6167,25.89,78,16,0.88,IN,1712524933
218,peace river,56.2501,-117.286,11.17,22,20,8.23,CA,1712525184
219,nizhneangarsk,55.7833,109.55,-9.44,89,66,1.79,RU,1712525007
220,strelka,58.0728,93.0344,-12.13,95,13,2.04,RU,1712525184
221,porto novo,6.4965,2.6036,29.9,81,39,4.12,BJ,1712525007
222,linqiong,30.4159,103.4609,11.9,86,97,0.29,CN,1712525185
223,pizzo,38.7384,16.1658,11.52,94,40,1.03,IT,1712525185
224,nahavand,34.1885,48.377,12.46,57,100,4.39,IR,1712525185
225,nar'yan-mar,67.6713,53.087,-6.61,95,100,5.81,RU,1712524933
226,keflavik,64.0049,-22.5624,0.95,74,75,11.32,IS,1712525185
227,carutapera,-1.195,-46.02,23.89,97,100,2.08,BR,1712525185
228,monte patria,-30.6919,-70.9467,27.01,25,0,2.75,CL,1712525185
229,uturoa,-16.7333,-151.4333,29.0,78,99,4.03,PF,1712525185
230,nelson bay,-32.7167,152.15,20.0,83,100,3.58,AU,1712525056
231,chumphon,10.3333,98.8333,22.25,100,43,0.56,TH,1712525185
232,callao,-12.0667,-77.15,25.16,69,0,5.14,PE,1712524914
233,chokwe,-24.5333,32.9833,20.97,88,100,2.53,MZ,1712525065
234,manggar,-2.8833,108.2667,25.89,89,100,1.88,ID,1712524932
235,siria,35.0,38.0,11.08,69,94,3.51,SY,1712524923
236,port lincoln,-34.7333,135.8667,15.97,73,100,5.33,AU,1712524909
237,lompoc,34.6391,-120.4579,20.94,59,0,8.23,US,1712525008
238,shimokizukuri,40.8061,140.3861,10.53,86,0,1.51,JP,1712525186
239,mitu,1.1983,-70.1733,27.5,88,95,0.54,CO,1712525026
240,miyazaki,31.9111,131.4239,16.97,94,100,2.57,JP,1712525186
241,rasht,37.2808,49.5832,11.4,77,100,0.46,IR,1712525186
242,el granada,37.5027,-122.4694,18.04,65,40,8.23,US,1712525186
243,polyarnyy,69.1989,33.4478,-6.2,83,100,5.96,RU,1712525187
244,mar del plata,-38.0023,-57.5575,24.41,56,0,5.36,AR,1712525050
245,pangkalpinang,-2.1333,106.1333,25.25,92,100,1.65,ID,1712525124
246,bludenz,47.1497,9.8167,20.96,100,100,3.79,AT,1712525187
247,abepura,-2.6333,140.5833,24.45,100,40,0.51,ID,1712525038
248,markovo,57.3206,107.0881,-3.1,92,100,2.19,RU,1712524908
249,bor,56.3567,44.0669,5.0,88,100,0.71,RU,1712525187
250,tchaourou,8.8865,2.5975,27.98,62,94,3.17,BJ,1712525187
251,tambopata,-12.7333,-69.1833,32.94,62,75,2.57,PE,1712525187
252,deschutes river woods,43.9915,-121.3584,10.08,38,96,4.12,US,1712525187
253,lethem,3.3803,-59.7968,37.68,23,96,5.74,GY,1712525187
254,bodo,67.28,14.405,3.86,84,75,8.75,NO,1712525008
255,coquimbo,-29.9533,-71.3436,14.85,88,75,4.63,CL,1712524844
256,conduaga,8.862,117.4893,24.66,75,100,1.38,PH,1712525188
257,tazacorte,28.629,-17.9293,18.54,81,0,2.06,ES,1712525010
258,taoudenni,22.6783,-3.9836,33.88,8,22,3.85,ML,1712525188
259,nidzica,53.3605,20.4275,11.77,90,100,2.41,PL,1712525188
260,kolonia,50.9333,6.95,17.2,73,100,3.6,DE,1712525188
261,antofagasta,-23.65,-70.4,19.6,80,7,3.72,CL,1712524892
262,lazaro cardenas,17.9583,-102.2,29.31,49,2,5.25,MX,1712524995
263,yung shue wan,22.2333,114.1167,25.18,90,41,0.89,HK,1712525188
264,wuwei,37.9281,102.6414,8.94,71,100,1.26,CN,1712525188
265,boende,-0.2167,20.8667,22.23,88,99,1.0,CD,1712524937
266,al mayadin,35.0209,40.4535,20.61,36,100,4.41,SY,1712525190
267,indramayu,-6.3264,108.32,26.77,83,42,2.44,ID,1712525184
268,itoman,26.1247,127.6694,22.27,96,75,4.63,JP,1712525190
269,alesund,62.4723,6.1549,8.51,71,20,5.66,NO,1712524891
270,pekan,3.4836,103.3996,27.06,88,90,1.79,MY,1712525190
271,eureka,40.8021,-124.1637,14.55,68,42,4.02,US,1712524912
272,maputo,-25.9653,32.5892,22.82,73,75,3.6,MZ,1712525097
273,slave lake,55.2834,-114.769,5.99,56,40,2.57,CA,1712524935
274,nsanje,-16.92,35.262,23.09,95,10,1.26,MW,1712524933
275,colchani,-20.3,-66.9333,18.44,31,95,4.07,BO,1712525128
276,mil'kovo,55.6078,37.7956,9.73,94,80,2.19,RU,1712524925
277,rio grande,-32.035,-52.0986,21.06,89,94,3.86,BR,1712524927
278,general acha,-37.377,-64.6043,25.42,37,0,5.14,AR,1712524896
279,howrah,22.5892,88.3103,27.0,89,40,3.09,IN,1712525050
280,pariaman,-0.619,100.12,27.03,92,100,3.27,ID,1712525191
281,santiago,-33.4569,-70.6483,28.69,24,0,5.66,CL,1712525038
282,qamdo,31.1667,97.2333,-2.27,88,100,2.43,CN,1712525191
283,xique xique,-10.8217,-42.7311,29.08,61,91,1.68,BR,1712525191
284,kununurra,-15.7667,128.7333,19.99,83,5,1.54,AU,1712524904
285,thunder bay,48.4001,-89.3168,7.99,49,20,9.26,CA,1712525160
286,nhamunda,-2.1861,-56.7131,28.93,77,100,0.98,BR,1712525191
287,berezovyy,51.6667,135.7,-6.61,73,100,1.35,RU,1712525170
288,marshall,34.3834,-86.3333,25.74,34,0,3.13,US,1712525172
289,luwero,0.8492,32.4731,18.29,98,100,2.0,UG,1712525192
290,iskateley,67.6803,53.1512,-6.66,95,100,5.81,RU,1712525001
291,constantia,44.1833,28.65,9.38,86,6,2.41,RO,1712524907
292,grand island,40.925,-98.342,13.44,55,100,8.23,US,1712525017
293,sao jose da coroa grande,-8.8978,-35.1478,27.41,78,85,3.95,BR,1712525120
294,shizuishan,39.2333,106.7694,10.73,65,100,0.88,CN,1712525192
295,punta arenas,-53.15,-70.9167,4.06,93,100,7.72,CL,1712524975
296,pimentel,-6.8367,-79.9342,27.16,61,0,9.77,PE,1712525192
297,ryotsu-minato,38.0833,138.4333,12.1,69,100,0.65,JP,1712525012
298,vila velha,-20.3297,-40.2925,26.97,80,20,3.6,BR,1712525043
299,asha,54.9973,57.2722,3.43,100,100,1.79,RU,1712525193
300,undurkhaan,47.3194,110.6556,0.8,80,8,2.05,MN,1712525194
301,kudahuvadhoo,2.6708,72.8944,28.4,77,100,2.07,MV,1712525194
302,pointe-noire,-4.7761,11.8635,26.86,86,93,2.04,CG,1712525194
303,bundaberg north,-24.8551,152.3425,22.34,96,99,1.79,AU,1712525194
304,port isabel,26.0734,-97.2086,26.04,100,100,4.12,US,1712524930
305,sortavala,61.7053,30.6918,4.45,99,100,5.81,RU,1712525194
306,beroroha,-21.6667,45.1667,24.9,55,19,0.43,MG,1712525194
307,tostado,-29.232,-61.7692,19.99,80,100,3.75,AR,1712524986
308,mhamid,29.82,-5.72,26.48,16,0,3.19,MA,1712525194
309,ar ruways,24.1103,52.7306,25.56,41,96,4.29,AE,1712524906
310,chemin grenier,-20.4872,57.4656,24.77,90,10,1.95,MU,1712525194
311,timimoun,29.2639,0.231,32.21,8,58,2.06,DZ,1712525003
312,cooma,-36.2333,149.1333,11.57,93,5,1.07,AU,1712525195
313,gizo,-8.103,156.8419,27.31,82,100,8.28,SB,1712524929
314,hirara,24.8,125.2833,22.92,100,75,2.06,JP,1712525195
315,antonio enes,-16.2325,39.9086,26.83,73,11,2.87,MZ,1712524931
316,amboasary,-25.0333,46.3833,22.96,89,28,5.31,MG,1712525195
317,bathsheba,13.2167,-59.5167,28.34,74,40,4.63,BB,1712525031
318,teutonia,-29.4481,-51.8064,22.4,94,100,0.33,BR,1712525195
319,san pedro pochutla,15.7333,-96.4667,33.84,40,1,4.51,MX,1712525195
320,nishinoomote,30.7333,131.0,19.06,90,100,7.91,JP,1712525195
321,westport,41.1415,-73.3579,14.04,43,40,4.47,US,1712525117
322,antsiranana,-12.2787,49.2917,25.72,86,9,5.47,MG,1712524929
323,tazovsky,67.4667,78.7,-6.01,93,100,10.78,RU,1712524904
324,illizi,26.4833,8.4667,25.89,13,0,5.22,DZ,1712525196
325,ayr,55.4627,-4.6339,9.99,66,40,7.2,GB,1712525196
326,kampong chhnang,12.1667,104.55,26.9,70,79,3.36,KH,1712525196
327,ugoofaaru,5.6667,73.0,28.75,77,89,2.56,MV,1712525196
328,pangody,65.85,74.4859,-4.44,94,100,10.67,RU,1712525170
329,smithers,54.7804,-127.1743,6.18,49,75,7.2,CA,1712525196
330,eastham,41.8301,-69.9739,6.66,75,100,4.47,US,1712525196
331,perene,-10.9492,-75.2261,27.01,89,97,1.67,PE,1712524995
332,horta,38.5333,-28.6333,15.8,82,40,2.57,PT,1712525196
333,morigaon,26.3796,92.3415,27.57,39,100,3.47,IN,1712525196
334,itapecerica,-20.4725,-45.1256,20.82,78,52,0.82,BR,1712525196
335,tequila,20.8833,-103.8333,36.19,8,1,2.41,MX,1712525197
336,pechora,65.1472,57.2244,-10.64,97,44,2.24,RU,1712525197
337,san antonio,29.4241,-98.4936,29.41,31,40,3.09,US,1712525197
338,douglas,41.3,-96.167,16.99,52,100,11.32,US,1712525197
339,hazaribagh,23.9833,85.35,24.05,36,100,1.75,IN,1712525197
340,ulsteinvik,62.3432,5.8487,9.07,78,66,4.47,NO,1712525197
341,ar rudayyif,34.3827,8.1555,22.87,14,100,1.1,TN,1712525197
342,sorong,-0.8833,131.25,27.73,83,100,5.29,ID,1712525198
343,portland,45.5234,-122.6762,15.26,62,75,3.13,US,1712524977
344,la ronge,55.1001,-105.2842,14.12,41,75,4.12,CA,1712525198
345,champerico,14.3,-91.9167,30.52,63,42,6.92,GT,1712525198
346,razole,16.4833,81.8333,24.59,96,0,0.95,IN,1712525198
347,angaur state,6.906,134.13,27.9,73,1,6.37,PW,1712524911
348,santa maria,-29.6842,-53.8069,19.61,94,100,1.54,BR,1712524933
349,al kharijah,25.4514,30.5464,19.03,23,0,2.87,EG,1712524927
350,borba,-4.3878,-59.5939,29.16,78,32,1.65,BR,1712525198
351,suntar,62.1444,117.6319,-8.77,90,97,3.35,RU,1712524906
352,las palmas,28.4204,-14.0131,17.44,59,20,7.2,ES,1712525198
353,maymana,35.9214,64.7836,15.72,50,1,1.63,AF,1712525198
354,pago pago,-14.2781,-170.7025,30.55,79,40,3.6,AS,1712525199
355,mount gambier,-37.8333,140.7667,13.03,91,100,2.03,AU,1712525050
356,weiser,44.251,-116.9693,14.25,46,97,2.68,US,1712525066
357,gusinoozyorsk,51.2833,106.5,-0.47,87,81,2.02,RU,1712525199
358,shalqar,47.8333,59.6,9.33,67,1,3.19,KZ,1712525199
359,hanceville,34.0607,-86.7675,26.46,40,45,5.22,US,1712525199
360,port macquarie,-31.4333,152.9167,17.72,78,97,1.63,AU,1712525143
361,colonia,50.9333,6.95,17.2,72,100,3.6,DE,1712524947
362,tindouf,27.6711,-8.1474,21.25,56,0,9.26,DZ,1712525199
363,christchurch,-43.5333,172.6333,15.79,82,40,5.14,NZ,1712524912
364,dwarka,22.2394,68.9678,25.46,78,0,5.46,IN,1712525005
365,robertsport,6.7533,-11.3686,26.9,85,39,3.53,LR,1712525200
366,williams lake,52.1415,-122.1445,13.92,29,75,6.17,CA,1712525065
367,turkmenbasy,40.0222,52.9552,16.43,55,0,6.17,TM,1712525200
368,talcahuano,-36.7167,-73.1167,17.82,72,0,5.66,CL,1712525200
369,shajapur,23.4333,76.2667,26.67,23,0,1.46,IN,1712525200
370,sarangani,5.4033,125.4636,27.88,76,18,9.41,PH,1712525200
371,linares,-35.85,-71.6,24.17,28,98,1.77,CL,1712524930
372,amga,60.8953,131.9608,-15.62,100,99,1.27,RU,1712525200
373,heihe,50.2441,127.4902,-5.31,68,48,5.66,CN,1712525200
374,vilyuysk,63.7553,121.6247,-12.22,95,97,2.24,RU,1712525028
375,aleg,17.0481,-13.9209,31.69,18,0,5.59,MR,1712525201
376,priargunsk,50.3691,119.1012,-23.1,95,5,0.44,RU,1712525201
377,beyneu,45.3167,55.2,10.58,53,41,3.73,KZ,1712525201
378,kinel',53.2333,50.65,5.04,92,100,2.44,RU,1712525201
379,hami,42.8,93.45,11.25,33,0,2.35,CN,1712524907
380,awjilah,29.1081,21.2869,18.2,48,0,6.61,LY,1712525201
381,kirgiz-miyaki,53.6324,54.7979,3.46,93,100,4.44,RU,1712525201
382,deniliquin,-35.5333,144.9667,15.5,82,97,2.08,AU,1712525201
383,xinmin,41.9908,122.8253,4.14,23,40,7.24,CN,1712525201
384,bubaque,11.2833,-15.8333,25.28,73,2,8.51,GW,1712525201
385,belozersk,60.0326,37.7957,3.88,57,100,1.34,RU,1712525201
386,maposeni,-10.5833,35.4,19.07,96,100,1.31,TZ,1712525202
387,saudarkrokur,65.7461,-19.6394,-1.53,85,98,10.57,IS,1712525202
388,darwin,-12.4611,130.8418,24.99,72,70,3.6,AU,1712524536
389,shimoda,34.6667,138.95,15.06,94,100,4.48,JP,1712524915
390,miches,18.9836,-69.0476,28.11,76,66,2.89,DO,1712525202
391,mukwonago,42.8667,-88.3334,6.86,93,100,7.15,US,1712525202
392,ingeniero jacobacci,-41.3427,-69.5448,17.69,44,100,8.18,AR,1712525202
393,kapuskasing,49.4169,-82.4331,13.05,30,0,2.06,CA,1712525016
394,belen,36.4891,36.2233,13.08,66,40,4.63,TR,1712525202
395,fisterra,42.9049,-9.2629,13.75,82,100,12.6,ES,1712525202
396,bardai,11.65,7.2333,30.59,26,39,2.44,NG,1712525013
397,ji'an,27.1172,114.9793,14.99,94,98,1.43,CN,1712525203
398,novaya lyalya,59.055,60.599,1.12,98,100,2.86,RU,1712525203
399,kirensk,57.7853,108.1119,-5.58,96,100,1.34,RU,1712525203
400,ewing,40.2698,-74.7999,17.25,36,40,3.09,US,1712525203
401,metlili chaamba,32.2667,3.6333,25.52,15,0,3.09,DZ,1712524926
402,nova sintra,14.8667,-24.7167,23.14,78,0,12.7,CV,1712525203
403,muan,34.9897,126.4714,8.94,87,100,1.54,KR,1712525203
404,dingli,35.8614,14.3822,15.09,63,0,2.57,MT,1712525203
405,ketchikan,55.3422,-131.6461,8.52,87,100,8.75,US,1712525204
406,whitby,54.4877,-0.615,11.84,86,30,0.45,GB,1712525204
407,bairnsdale,-37.8333,147.6167,11.14,97,23,2.15,AU,1712525204
408,kruisfontein,-34.0033,24.7314,18.02,79,100,8.59,ZA,1712525204
409,maua,-23.6678,-46.4614,23.33,88,100,3.4,BR,1712525171
410,mutoko,-17.397,32.2268,17.8,81,34,1.72,ZW,1712525204
411,quchan,37.106,58.5095,13.51,42,100,3.15,IR,1712525204
412,belyy yar,53.6039,91.3903,-0.06,74,0,7.0,RU,1712524926
413,ilhabela,-23.7781,-45.3581,23.84,90,71,4.6,BR,1712525204
414,yaren,-0.5472,166.916,27.94,83,77,6.22,NR,1712525205
415,fiambala,-27.6871,-67.6149,26.34,37,0,5.51,AR,1712524975
416,thinadhoo,0.5333,72.9333,28.75,75,94,3.25,MV,1712525205
417,viedma,-40.8135,-62.9967,25.63,21,7,5.55,AR,1712525050
418,quellon,-43.1167,-73.6167,10.09,97,100,0.82,CL,1712525063
419,chernyshevskiy,63.0128,112.4714,-2.88,98,100,1.59,RU,1712525205
420,karasuk,53.7377,78.0403,1.04,82,99,3.28,RU,1712525205
421,thetford-mines,46.0937,-71.3054,10.06,84,16,2.52,CA,1712525205
422,tofol,5.3248,163.0078,28.17,82,100,9.42,FM,1712525205
423,east ballina,-28.8667,153.5833,18.78,70,100,3.1,AU,1712525205
424,waat,51.1454,6.4958,16.77,85,100,1.03,DE,1712525030
425,lesnoy,57.6198,63.0784,1.53,96,100,4.33,RU,1712525184
426,sharkawshchyna,55.3713,27.4706,11.42,80,100,5.46,BY,1712525206
427,aykhal,66.0,111.5,-22.95,85,6,2.58,RU,1712525004
428,karratha,-20.7377,116.8463,25.76,25,43,4.19,AU,1712525065
429,aral,40.5156,81.2636,11.36,53,100,3.6,CN,1712525206
430,port de pollenca,39.9075,3.0814,22.94,50,100,5.58,ES,1712525206
431,labrador city,52.9463,-66.9114,5.95,33,75,3.09,CA,1712525206
432,la sarre,48.8002,-79.1996,7.18,70,11,0.86,CA,1712525002
433,yuzhno-kurilsk,44.0306,145.8556,2.43,88,99,3.21,RU,1712524920
434,winkler,49.1817,-97.941,15.12,31,100,6.69,CA,1712525206
435,pryamitsyno,51.6561,35.9314,10.3,76,81,0.87,RU,1712525206
436,yanchep,-31.55,115.6833,18.3,67,5,6.92,AU,1712524924
437,funafuti,-8.5243,179.1942,32.0,74,40,2.06,TV,1712525123
438,fort bragg,35.139,-79.006,20.11,28,0,2.57,US,1712525004
439,iwaki,37.05,140.8833,16.34,95,100,1.26,JP,1712525175
440,weno,7.4515,151.8468,28.97,84,75,3.09,FM,1712525207
441,vytegra,61.0064,36.4481,6.31,86,100,6.71,RU,1712525207
442,sept-iles,50.2001,-66.3821,6.14,61,75,4.63,CA,1712525207
443,mangrol,21.1167,70.1167,25.43,77,0,5.83,IN,1712524932
444,ribeira brava,32.65,-17.0667,18.17,80,7,4.78,PT,1712525207
445,fada,9.5667,8.3,27.35,50,37,0.5,NG,1712524908
446,cherdyn',60.403,56.4787,-3.79,97,93,2.15,RU,1712525207
447,novodvinsk,64.4165,40.8122,-3.14,93,100,3.95,RU,1712525207
448,whakatane,-37.9585,176.9854,17.71,81,98,1.34,NZ,1712525063
449,pyay,18.8167,95.2167,27.48,72,0,2.09,MM,1712525208
450,ambatofinandrahana,-20.55,46.8,17.53,85,31,1.03,MG,1712525203
451,phuthaditjhaba,-28.5242,28.8158,12.02,95,100,2.08,ZA,1712525208
452,pemba,-12.974,40.5178,29.39,89,40,4.12,MZ,1712525208
453,notse,6.95,1.1667,27.32,78,41,3.25,TG,1712525208
454,roxas,11.5853,122.7511,25.64,75,69,3.47,PH,1712525208
455,nabire,-3.3667,135.4833,24.56,88,36,1.31,ID,1712525059
456,muisne,0.6,-80.0333,27.15,76,99,4.42,EC,1712525001
457,remire-montjoly,4.9167,-52.2667,30.02,66,0,5.14,GF,1712525037
458,valparaiso,-33.0393,-71.6273,25.13,48,0,5.66,CL,1712524988
459,melo,-32.3667,-54.1833,17.12,92,100,5.98,UY,1712525208
460,acarau,-2.8856,-40.12,27.01,80,100,2.34,BR,1712525208
461,baiquan,47.5833,126.0833,-6.55,41,56,4.64,CN,1712525209
462,praia,14.9215,-23.5087,23.3,78,40,9.77,CV,1712525023
463,shakawe,-18.3667,21.85,21.34,79,98,2.91,BW,1712525209
464,flying fish cove,-10.4217,105.6791,26.82,83,100,3.6,CX,1712525055
465,sparti,37.0733,22.4297,15.67,74,100,2.94,GR,1712525209
466,great bend,38.3645,-98.7648,22.01,16,100,15.43,US,1712525209
467,aras-asan,8.8908,126.3033,24.73,80,96,1.66,PH,1712524916
468,puerto armuelles,8.2833,-82.8667,31.99,71,100,1.34,PA,1712525209
469,kyzyl,51.7,94.45,9.45,71,100,2.24,RU,1712525209
470,ulladulla,-35.35,150.4667,12.65,88,97,1.22,AU,1712524917
471,zaigrayevo,51.8336,108.2703,-3.79,75,32,1.27,RU,1712525209
472,saldanha,-33.0117,17.9442,16.03,92,80,1.57,ZA,1712524912
473,bahia de kino,28.8333,-111.9333,21.96,37,14,5.15,MX,1712525210
474,olyokminsk,60.3736,120.4264,-18.01,96,70,1.34,RU,1712525210
475,harrison,30.4091,-89.0436,24.04,59,75,7.72,US,1712525210
476,pitimbu,-7.4706,-34.8086,28.33,74,33,4.86,BR,1712525210
477,mejit,10.2753,170.8646,26.92,82,100,9.53,MH,1712525035
478,trenggalek,-8.05,111.7167,24.21,95,99,0.92,ID,1712525210
479,qui nhon,13.7667,109.2333,23.65,92,91,2.24,VN,1712524930
480,soio,-6.1349,12.3689,26.65,87,100,1.63,AO,1712525210
481,jayapura,-2.5333,140.7,24.66,92,100,1.25,ID,1712525068
482,minas de marcona,-15.2119,-75.1103,20.96,65,6,8.6,PE,1712525053
483,tolanaro,-25.0319,46.9987,25.04,88,75,5.14,MG,1712524919
484,kisanga,-7.4362,37.7034,23.44,96,100,0.82,TZ,1712525211
485,cidreira,-30.1811,-50.2056,20.17,96,100,5.36,BR,1712525211
486,paoua,7.2427,16.4406,23.46,70,78,2.56,CF,1712525211
487,kapa'a,22.0752,-159.319,24.55,74,100,8.75,US,1712525033
488,tarumovka,44.0761,46.5361,10.04,74,4,3.32,RU,1712525211
489,benghazi,32.1167,20.0667,18.15,74,2,5.28,LY,1712525211
490,boa vista,2.8197,-60.6733,33.99,36,40,5.66,BR,1712525211
491,kolonia town,6.964,158.206,28.06,89,100,5.14,FM,1712525211
492,maudaha,25.6833,80.1167,28.69,14,30,0.99,IN,1712525211
493,mili,6.0815,171.735,27.76,83,89,10.25,MH,1712525182
494,alcanede,39.415,-8.8219,13.91,86,69,1.37,PT,1712525211
495,juba,4.8517,31.5825,21.17,91,100,1.85,SS,1712525212
496,guasdualito,7.2424,-70.7324,34.98,43,40,1.03,VE,1712525212
497,kotagiri,11.4333,76.8833,18.04,47,46,1.3,IN,1712525212
498,gibraleon,37.3763,-6.969,18.34,60,99,5.05,ES,1712525212
499,balqash,46.8481,74.995,8.41,56,78,0.79,KZ,1712525166
500,macapa,0.0389,-51.0664,30.99,70,40,5.66,BR,1712525212
501,bontang,0.1333,117.5,26.14,88,92,3.58,ID,1712525212
502,yelovo,57.0538,54.9207,0.94,99,100,3.79,RU,1712525212
503,sinabang,2.4803,96.3801,26.56,86,87,1.24,ID,1712525212
504,palikir - national government center,6.9248,158.1611,27.47,89,100,5.14,FM,1712525212
505,kangasniemi,61.9936,26.6479,6.01,92,100,6.7,FI,1712525213
506,brookings,44.3114,-96.7984,7.32,88,100,7.2,US,1712524914
507,betio village,1.358,172.9211,28.2,85,80,7.73,KI,1712525213
508,tangalle,6.024,80.7911,25.09,88,79,1.41,LK,1712525213
509,san rafael,-34.6177,-68.3301,27.59,33,0,4.91,AR,1712524730
510,genhe,50.7833,121.5167,-17.34,96,8,1.28,CN,1712525213
511,codo,-4.4553,-43.8856,24.98,95,99,0.36,BR,1712525109
512,rancho palos verdes,33.7445,-118.387,20.53,69,40,6.69,US,1712525214
513,huarmey,-10.0681,-78.1522,24.88,77,87,4.62,PE,1712525051
514,sanandaj,35.3144,46.9923,10.01,82,100,2.06,IR,1712525214
515,galliano,29.4422,-90.2992,26.67,65,0,5.66,US,1712525214
516,al kharj,24.155,47.3346,26.32,57,98,5.28,SA,1712525092
517,hood river,45.7054,-121.5215,14.76,60,40,6.17,US,1712524949
518,el parral,16.3675,-93.0058,37.71,17,1,1.31,MX,1712525214
519,yeraliyev,43.2,51.65,13.32,50,92,4.09,KZ,1712525214
520,tidjikja,18.5564,-11.4271,31.09,19,0,4.3,MR,1712525024
521,teshi old town,5.5836,-0.1072,30.31,79,20,6.69,GH,1712525022
522,rio gallegos,-51.6226,-69.2181,14.03,26,0,11.32,AR,1712525214
523,moyale,3.5167,39.0584,21.88,80,45,1.21,KE,1712525214
524,sanming,26.2486,117.6186,18.8,98,100,1.13,CN,1712525215
525,heroica caborca,30.7167,-112.15,22.71,12,14,3.53,MX,1712525215
526,kloulklubed,7.0419,134.2556,26.28,79,10,5.71,PW,1712525058
527,buckie,57.6757,-2.9624,8.36,75,38,9.56,GB,1712525215
528,floriano,-6.7669,-43.0225,27.26,72,90,1.95,BR,1712525097
529,rio preto da eva,-2.6994,-59.6997,27.55,90,62,0.91,BR,1712525123
530,pollock pines,38.7613,-120.5866,11.38,57,40,5.14,US,1712525215
531,sao joao da barra,-21.6403,-41.0511,25.05,75,0,3.95,BR,1712525060
532,fort saskatchewan,53.7168,-113.2187,14.56,28,100,2.06,CA,1712525152
533,san miguel,13.4833,-88.1833,37.26,38,25,4.36,SV,1712524446
534,kushiro,42.975,144.3747,6.53,100,100,1.03,JP,1712525216
535,shenjiamen,29.9576,122.298,12.08,99,100,3.62,CN,1712525216
536,mata-utu,-13.2816,-176.1745,29.24,74,60,2.18,WF,1712525216
537,kisangani,0.5167,25.2,21.58,99,100,1.09,CD,1712525021
538,luwuk,-0.9516,122.7875,23.45,92,100,1.64,ID,1712525216
539,aitape,-3.1374,142.3475,25.64,90,100,1.83,PG,1712525216
540,jeronimo monteiro,-20.7894,-41.395,21.96,91,5,1.25,BR,1712525216
541,fuding,27.3273,120.214,15.32,99,100,0.79,CN,1712525216
542,dara,15.3484,-15.4799,29.98,33,0,7.73,SN,1712525216
543,maxixe,-23.8597,35.3472,22.89,79,100,5.66,MZ,1712525120
544,maceio,-9.6658,-35.7353,28.69,78,20,4.12,BR,1712525123
